City,LocalTime,Temperature_C,Wind_Speed_kph,Humidity,Condition
Adana,2023-09-10 16:15,33.0,20.2,49,Sunny
Adiyaman,2023-09-10 16:15,30.9,20.2,12,Sunny
Afyonkarahisar,2023-09-10 16:15,25.0,15.1,28,Sunny
Agri,2023-09-10 16:15,17.0,17.3,19,Sunny
Aksaray,2023-09-10 16:15,24.6,27.0,21,Sunny
Amasya,2023-09-10 16:15,22.0,29.9,38,Partly cloudy
Ankara,2023-09-10 16:15,25.0,13.0,28,Sunny
Antalya,2023-09-10 16:15,32.0,24.1,36,Partly cloudy
Ardahan,2023-09-10 16:15,12.1,17.6,55,Sunny
Artvin,2023-09-10 16:15,24.0,11.2,54,Partly cloudy
Aydin,2023-09-10 16:15,33.0,15.1,39,Patchy light rain with thunder
Balikesir,2023-09-10 16:15,28.0,38.9,35,Sunny
Bartin,2023-09-10 16:15,26.0,19.1,51,Partly cloudy
Batman,2023-09-10 16:15,35.0,9.0,14,Partly cloudy
Bayburt,2023-09-10 16:15,11.6,14.8,61,Sunny
Bilecik,2023-09-10 16:15,27.0,24.1,37,Partly cloudy
Bingol,2023-09-10 16:15,25.4,31.0,14,Sunny
Bitlis,2023-09-10 16:15,28.0,11.2,17,Partly cloudy
Bolu,2023-09-10 16:15,22.8,14.8,56,Sunny
Burdur,2023-09-10 16:15,29.0,22.0,25,Partly cloudy
Bursa,2023-09-10 16:15,27.0,24.1,37,Partly cloudy
Canakkale,2023-09-10 16:15,29.0,47.9,35,Partly cloudy
Cankiri,2023-09-10 16:15,22.8,9.7,28,Sunny
Corum,2023-09-10 16:15,19.0,24.5,43,Sunny
Denizli,2023-09-10 16:15,29.0,19.1,29,Partly cloudy
Diyarbakir,2023-09-10 16:15,33.0,16.9,11,Sunny
Duzce,2023-09-10 16:15,22.8,14.8,56,Sunny
Edirne,2023-09-10 16:15,25.4,33.1,43,Sunny
Elazig,2023-09-10 16:15,30.0,19.1,16,Partly cloudy
Erzincan,2023-09-10 16:15,25.0,28.1,28,Sunny
Erzurum,2023-09-10 16:15,21.0,13.0,23,Sunny
Eskisehir,2023-09-10 16:15,26.0,9.0,32,Partly cloudy
Gaziantep,2023-09-10 16:15,32.0,3.6,14,Sunny
Giresun,2023-09-10 16:15,19.0,8.3,66,Cloudy
Gumushane,2023-09-10 16:15,10.7,13.7,77,Partly cloudy
Hakkari,2023-09-10 16:15,18.6,27.4,29,Sunny
Hatay,2023-09-10 16:15,29.4,22.3,55,Sunny
Igdir,2023-09-10 16:15,27.0,28.1,14,Sunny
Isparta,2023-09-10 16:15,27.0,20.2,32,Partly cloudy
Istanbul,2023-09-10 16:15,27.0,33.1,45,Partly cloudy
Izmir,2023-09-10 16:15,34.0,15.1,26,Sunny
Kahramanmaras,2023-09-10 16:15,30.7,15.5,15,Sunny
Karabuk,2023-09-10 16:15,23.0,10.4,28,Sunny
Karaman,2023-09-10 16:15,25.7,26.6,16,Sunny
Kars,2023-09-10 16:15,17.0,29.9,32,Partly cloudy
Kastamonu,2023-09-10 16:15,21.0,19.4,38,Sunny
Kayseri,2023-09-10 16:15,24.0,3.6,27,Sunny
Kirikkale,2023-09-10 16:15,23.0,20.2,33,Partly cloudy
Kirklareli,2023-09-10 16:15,21.6,32.4,59,Overcast
Kirsehir,2023-09-10 16:15,25.0,22.0,26,Sunny
Kilis,2023-09-10 16:15,33.0,3.6,12,Sunny
Kocaeli,2023-09-10 16:15,26.0,19.1,48,Partly cloudy
Konya,2023-09-10 16:15,24.0,22.0,22,Partly cloudy
Kutahya,2023-09-10 16:15,23.7,23.4,31,Sunny
Malatya,2023-09-10 16:15,28.0,3.6,15,Partly cloudy
Manisa,2023-09-10 16:15,34.0,15.1,26,Sunny
Mardin,2023-09-10 16:15,36.0,11.2,15,Partly cloudy
Mersin,2023-09-10 16:15,28.5,9.4,67,Patchy rain possible
Mugla,2023-09-10 16:15,23.0,5.0,61,Patchy rain possible
Mus,2023-09-10 16:15,28.0,11.2,17,Partly cloudy
Nevsehir,2023-09-10 16:15,25.0,22.0,26,Sunny
Nigde,2023-09-10 16:15,19.1,10.4,23,Sunny
Ordu,2023-09-10 16:15,19.0,8.3,66,Cloudy
Osmaniye,2023-09-10 16:15,28.6,16.6,58,Sunny
Rize,2023-09-10 16:15,18.5,7.6,78,Partly cloudy
Sakarya,2023-09-10 16:15,26.0,19.1,48,Partly cloudy
Samsun,2023-09-10 16:15,21.0,15.1,64,Partly cloudy
Siirt,2023-09-10 16:15,31.6,14.8,18,Sunny
Sinop,2023-09-10 16:15,19.2,20.5,60,Partly cloudy
Sivas,2023-09-10 16:15,17.0,29.9,45,Sunny
Sirnak,2023-09-10 16:15,31.7,15.1,19,Sunny
Tekirdag,2023-09-10 16:15,25.0,41.0,57,Partly cloudy
Tokat,2023-09-10 16:15,16.4,20.2,63,Partly cloudy
Trabzon,2023-09-10 16:15,22.0,20.2,57,Partly cloudy
Tunceli,2023-09-10 16:15,20.7,22.7,19,Sunny
Usak,2023-09-10 16:15,27.0,25.9,28,Partly cloudy
Van,2023-09-10 16:15,22.0,16.9,38,Moderate or heavy rain with thunder
Yalova,2023-09-10 16:15,26.0,37.1,42,Partly cloudy
Yozgat,2023-09-10 16:15,19.8,30.6,51,Sunny
Zonguldak,2023-09-10 16:15,26.0,19.1,51,Partly cloudy
Adana,2023-09-11 18:12,24.0,22.0,74,Partly cloudy
Adiyaman,2023-09-11 18:12,27.1,4.3,18,Sunny
Afyonkarahisar,2023-09-11 18:12,23.0,19.1,20,Partly cloudy
Agri,2023-09-11 18:12,9.7,5.8,73,Sunny
Aksaray,2023-09-11 18:12,19.4,18.0,20,Partly cloudy
Amasya,2023-09-11 18:12,22.0,25.9,41,Partly cloudy
Ankara,2023-09-11 18:12,24.0,11.2,22,Sunny
Antalya,2023-09-11 18:12,32.0,11.2,18,Partly cloudy
Ardahan,2023-09-11 18:12,9.3,7.9,50,Sunny
Artvin,2023-09-11 18:12,22.0,6.8,61,Partly cloudy
Aydin,2023-09-11 18:12,34.0,19.1,22,Partly cloudy
Balikesir,2023-09-11 18:12,26.0,38.9,42,Sunny
Bartin,2023-09-11 18:12,23.0,20.2,57,Sunny
Batman,2023-09-11 18:12,33.0,11.2,14,Partly cloudy
Bayburt,2023-09-11 18:12,8.5,11.9,80,Sunny
Bilecik,2023-09-11 18:12,24.0,20.2,44,Partly cloudy
Bingol,2023-09-11 18:12,20.4,9.0,30,Sunny
Bitlis,2023-09-11 18:12,27.0,22.0,17,Partly cloudy
Bolu,2023-09-11 18:12,17.4,8.6,73,Sunny
Burdur,2023-09-11 18:12,27.0,16.9,13,Sunny
Bursa,2023-09-11 18:12,24.0,20.2,44,Partly cloudy
Canakkale,2023-09-11 18:12,27.0,42.8,39,Partly cloudy
Cankiri,2023-09-11 18:12,17.9,6.8,28,Sunny
Corum,2023-09-11 18:12,15.3,18.4,53,Sunny
Denizli,2023-09-11 18:12,27.0,16.9,13,Sunny
Diyarbakir,2023-09-11 18:12,32.0,6.8,15,Partly cloudy
Duzce,2023-09-11 18:12,17.4,8.6,73,Sunny
Edirne,2023-09-11 18:12,23.4,21.2,39,Sunny
Elazig,2023-09-11 18:12,30.0,16.9,16,Partly cloudy
Erzincan,2023-09-11 18:12,25.0,3.6,24,Partly cloudy
Erzurum,2023-09-11 18:12,20.0,9.0,30,Partly cloudy
Eskisehir,2023-09-11 18:12,25.0,11.2,36,Partly cloudy
Gaziantep,2023-09-11 18:12,30.0,15.1,24,Partly cloudy
Giresun,2023-09-11 18:12,15.2,10.8,79,Sunny
Gumushane,2023-09-11 18:13,8.7,9.7,82,Partly cloudy
Hakkari,2023-09-11 18:13,8.4,13.0,42,Sunny
Hatay,2023-09-11 18:12,29.0,13.0,62,Partly cloudy
Igdir,2023-09-11 18:12,21.0,6.1,40,Moderate or heavy rain with thunder
Isparta,2023-09-11 18:13,27.0,22.0,17,Partly cloudy
Istanbul,2023-09-11 18:13,25.0,34.9,44,Partly cloudy
Izmir,2023-09-11 18:12,32.0,25.9,32,Sunny
Kahramanmaras,2023-09-11 18:13,24.2,10.4,34,Sunny
Karabuk,2023-09-11 18:13,15.5,11.5,50,Sunny
Karaman,2023-09-11 18:13,19.9,15.5,18,Sunny
Kars,2023-09-11 18:13,15.0,19.1,55,Partly cloudy
Kastamonu,2023-09-11 18:13,14.1,12.6,65,Sunny
Kayseri,2023-09-11 18:13,23.0,3.6,22,Partly cloudy
Kirikkale,2023-09-11 18:13,23.0,15.1,22,Partly cloudy
Kirklareli,2023-09-11 18:12,20.3,19.8,53,Sunny
Kirsehir,2023-09-11 18:13,22.0,19.1,20,Partly cloudy
Kilis,2023-09-11 18:13,30.0,15.1,24,Partly cloudy
Kocaeli,2023-09-11 18:13,24.0,19.1,50,Partly cloudy
Konya,2023-09-11 18:13,21.0,25.9,21,Partly cloudy
Kutahya,2023-09-11 18:13,18.0,18.0,40,Sunny
Malatya,2023-09-11 18:13,27.0,11.2,21,Partly cloudy
Manisa,2023-09-11 18:13,32.0,25.9,32,Sunny
Mardin,2023-09-11 18:13,28.2,12.2,17,Sunny
Mersin,2023-09-11 18:13,27.7,18.0,55,Sunny
Mugla,2023-09-11 18:13,23.8,3.6,39,Sunny
Mus,2023-09-11 18:13,27.0,22.0,17,Partly cloudy
Nevsehir,2023-09-11 18:13,22.0,19.1,20,Partly cloudy
Nigde,2023-09-11 18:13,14.8,9.4,26,Sunny
Ordu,2023-09-11 18:13,15.2,10.8,79,Sunny
Osmaniye,2023-09-11 18:13,23.9,9.4,79,Sunny
Rize,2023-09-11 18:13,16.5,6.8,75,Cloudy
Sakarya,2023-09-11 18:13,24.0,19.1,50,Partly cloudy
Samsun,2023-09-11 18:13,22.0,16.9,61,Partly cloudy
Siirt,2023-09-11 18:13,25.7,12.6,27,Sunny
Sinop,2023-09-11 18:13,20.3,13.7,57,Sunny
Sivas,2023-09-11 18:13,15.0,31.0,48,Sunny
Sirnak,2023-09-11 18:13,27.4,12.6,25,Sunny
Tekirdag,2023-09-11 18:13,23.0,29.9,53,Partly cloudy
Tokat,2023-09-11 18:13,22.0,20.2,38,Partly cloudy
Trabzon,2023-09-11 18:13,21.0,3.6,60,Partly cloudy
Tunceli,2023-09-11 18:13,16.1,4.3,33,Partly cloudy
Usak,2023-09-11 18:13,26.0,25.9,21,Partly cloudy
Van,2023-09-11 18:13,23.0,9.0,41,Partly cloudy
Yalova,2023-09-11 18:13,24.0,33.1,54,Partly cloudy
Yozgat,2023-09-11 18:13,15.9,16.9,47,Sunny
Zonguldak,2023-09-11 18:13,23.0,20.2,57,Sunny
Adana,2023-09-12 18:12,33.0,15.1,24,Sunny
Adiyaman,2023-09-12 18:12,25.1,3.6,20,Partly cloudy
Afyonkarahisar,2023-09-12 18:12,24.0,9.0,27,Sunny
Agri,2023-09-12 18:12,9.9,5.0,85,Partly cloudy
Aksaray,2023-09-12 18:12,18.1,14.8,21,Sunny
Amasya,2023-09-12 18:12,20.0,33.1,46,Partly cloudy
Ankara,2023-09-12 18:12,23.0,11.2,27,Sunny
Antalya,2023-09-12 18:12,32.0,24.1,21,Sunny
Ardahan,2023-09-12 18:12,9.2,7.6,79,Partly cloudy
Artvin,2023-09-12 18:12,20.0,9.0,83,Partly cloudy
Aydin,2023-09-12 18:12,33.0,9.0,23,Sunny
Balikesir,2023-09-12 18:12,28.0,24.1,33,Sunny
Bartin,2023-09-12 18:12,24.0,19.1,57,Partly cloudy
Batman,2023-09-12 18:12,29.0,13.0,31,Partly cloudy
Bayburt,2023-09-12 18:12,8.5,11.9,80,Sunny
Bilecik,2023-09-12 18:12,26.0,16.9,28,Sunny
Bingol,2023-09-12 18:12,19.7,8.6,38,Sunny
Bitlis,2023-09-12 18:12,19.0,16.9,68,Partly cloudy
Bolu,2023-09-12 18:12,17.6,7.2,65,Sunny
Burdur,2023-09-12 18:12,27.0,20.2,16,Sunny
Bursa,2023-09-12 18:12,26.0,16.9,28,Sunny
Canakkale,2023-09-12 18:12,29.0,24.1,35,Sunny
Cankiri,2023-09-12 18:12,16.5,4.3,27,Sunny
Corum,2023-09-12 18:12,14.7,16.6,62,Sunny
Denizli,2023-09-12 18:12,27.0,20.2,16,Sunny
Diyarbakir,2023-09-12 18:12,29.0,15.1,22,Partly cloudy
Duzce,2023-09-12 18:12,17.6,7.2,65,Sunny
Edirne,2023-09-12 18:12,25.7,15.1,28,Sunny
Elazig,2023-09-12 18:12,26.0,6.8,16,Partly cloudy
Erzincan,2023-09-12 18:12,25.0,9.0,18,Sunny
Erzurum,2023-09-12 18:12,19.0,15.1,40,Partly cloudy
Eskisehir,2023-09-12 18:12,25.0,9.0,22,Sunny
Gaziantep,2023-09-12 18:12,23.0,11.2,50,Light rain
Giresun,2023-09-12 18:12,15.7,8.6,69,Sunny
Gumushane,2023-09-12 18:12,9.2,9.7,83,Partly cloudy
Hakkari,2023-09-12 18:12,11.8,14.0,56,Partly cloudy
Hatay,2023-09-12 18:12,27.2,6.1,33,Partly cloudy
Igdir,2023-09-12 18:12,17.0,6.8,83,Partly cloudy
Isparta,2023-09-12 18:12,27.0,19.1,20,Sunny
Istanbul,2023-09-12 18:12,26.0,29.9,37,Sunny
Izmir,2023-09-12 18:12,30.0,29.9,29,Sunny
Kahramanmaras,2023-09-12 18:12,24.7,9.0,17,Sunny
Karabuk,2023-09-12 18:12,15.5,11.2,50,Sunny
Karaman,2023-09-12 18:12,17.5,20.2,20,Sunny
Kars,2023-09-12 18:12,12.0,6.1,71,Partly cloudy
Kastamonu,2023-09-12 18:12,13.9,12.6,70,Sunny
Kayseri,2023-09-12 18:13,22.0,19.1,27,Partly cloudy
Kirikkale,2023-09-12 18:12,22.0,15.1,25,Partly cloudy
Kirklareli,2023-09-12 18:12,21.9,19.1,43,Sunny
Kirsehir,2023-09-12 18:12,23.0,19.1,23,Sunny
Kilis,2023-09-12 18:12,23.0,11.2,50,Light rain
Kocaeli,2023-09-12 18:13,25.0,19.1,44,Sunny
Konya,2023-09-12 18:12,23.0,25.9,23,Sunny
Kutahya,2023-09-12 18:12,18.1,15.5,31,Sunny
Malatya,2023-09-12 18:13,27.0,19.1,8,Partly cloudy
Manisa,2023-09-12 18:13,30.0,31.0,33,Sunny
Mardin,2023-09-12 18:13,27.9,13.0,23,Partly cloudy
Mersin,2023-09-12 18:12,27.5,12.2,58,Sunny
Mugla,2023-09-12 18:12,24.0,8.6,24,Sunny
Mus,2023-09-12 18:12,19.0,16.9,68,Partly cloudy
Nevsehir,2023-09-12 18:12,23.0,19.1,23,Sunny
Nigde,2023-09-12 18:13,13.2,13.0,26,Sunny
Ordu,2023-09-12 18:12,15.7,8.6,69,Sunny
Osmaniye,2023-09-12 18:13,25.3,6.8,23,Sunny
Rize,2023-09-12 18:13,23.0,16.9,61,Partly cloudy
Sakarya,2023-09-12 18:12,25.0,19.1,44,Sunny
Samsun,2023-09-12 18:12,22.0,16.9,61,Partly cloudy
Siirt,2023-09-12 18:12,21.4,9.7,48,Partly cloudy
Sinop,2023-09-12 18:13,20.9,11.2,55,Sunny
Sivas,2023-09-12 18:13,15.0,31.0,51,Partly cloudy
Sirnak,2023-09-12 18:13,27.0,11.5,26,Partly cloudy
Tekirdag,2023-09-12 18:13,25.0,24.1,44,Partly cloudy
Tokat,2023-09-12 18:13,21.0,28.1,46,Partly cloudy
Trabzon,2023-09-12 18:13,23.0,16.9,61,Partly cloudy
Tunceli,2023-09-12 18:13,16.1,6.1,36,Sunny
Usak,2023-09-12 18:13,27.0,20.2,20,Sunny
Van,2023-09-12 18:13,16.0,11.2,68,Moderate or heavy rain with thunder
Yalova,2023-09-12 18:13,25.0,29.9,39,Sunny
Yozgat,2023-09-12 18:13,15.4,15.8,52,Sunny
Zonguldak,2023-09-12 18:13,24.0,19.1,57,Partly cloudy
Adana,2023-09-13 18:12,32.0,22.0,30,Sunny
Adiyaman,2023-09-13 18:12,24.9,24.1,13,Sunny
Afyonkarahisar,2023-09-13 18:12,24.0,6.8,25,Sunny
Agri,2023-09-13 18:12,9.8,5.4,80,Sunny
Aksaray,2023-09-13 18:12,17.8,13.7,20,Sunny
Amasya,2023-09-13 18:12,22.0,28.1,43,Partly cloudy
Ankara,2023-09-13 18:12,24.0,13.0,18,Partly cloudy
Antalya,2023-09-13 18:12,32.0,25.9,30,Sunny
Ardahan,2023-09-13 18:12,7.7,9.4,82,Sunny
Artvin,2023-09-13 18:12,22.0,11.2,65,Partly cloudy
Aydin,2023-09-13 18:12,32.0,16.9,28,Sunny
Balikesir,2023-09-13 18:12,29.0,22.0,31,Sunny
Bartin,2023-09-13 18:12,26.0,20.2,37,Sunny
Batman,2023-09-13 18:12,28.0,3.6,37,Partly cloudy
Bayburt,2023-09-13 18:12,7.9,11.5,75,Sunny
Bilecik,2023-09-13 18:12,27.0,19.1,34,Sunny
Bingol,2023-09-13 18:12,17.2,12.6,25,Sunny
Bitlis,2023-09-13 18:12,23.0,9.0,36,Partly cloudy
Bolu,2023-09-13 18:12,18.3,5.0,61,Sunny
Burdur,2023-09-13 18:12,28.0,19.1,17,Sunny
Bursa,2023-09-13 18:12,27.0,19.1,34,Sunny
Canakkale,2023-09-13 18:12,29.0,22.0,33,Sunny
Cankiri,2023-09-13 18:12,16.8,4.7,31,Sunny
Corum,2023-09-13 18:12,16.4,20.5,53,Sunny
Denizli,2023-09-13 18:12,28.0,19.1,17,Sunny
Diyarbakir,2023-09-13 18:12,28.0,11.2,40,Partly cloudy
Duzce,2023-09-13 18:12,18.3,5.0,61,Sunny
Edirne,2023-09-13 18:12,27.0,8.3,28,Sunny
Elazig,2023-09-13 18:12,27.0,20.2,14,Partly cloudy
Erzincan,2023-09-13 18:12,24.0,16.9,22,Partly cloudy
Erzurum,2023-09-13 18:12,18.0,24.1,34,Partly cloudy
Eskisehir,2023-09-13 18:12,26.0,6.1,24,Sunny
Gaziantep,2023-09-13 18:12,30.0,19.1,12,Sunny
Giresun,2023-09-13 18:12,15.7,3.6,75,Sunny
Gumushane,2023-09-13 18:12,9.1,9.4,84,Sunny
Hakkari,2023-09-13 18:12,10.1,4.7,66,Sunny
Hatay,2023-09-13 18:12,25.1,8.6,25,Sunny
Igdir,2023-09-13 18:12,18.0,9.0,73,Partly cloudy
Isparta,2023-09-13 18:12,27.0,19.1,21,Sunny
Istanbul,2023-09-13 18:12,26.0,22.0,45,Sunny
Izmir,2023-09-13 18:12,30.0,24.1,29,Sunny
Kahramanmaras,2023-09-13 18:12,22.6,12.2,12,Sunny
Karabuk,2023-09-13 18:12,16.3,9.0,43,Sunny
Karaman,2023-09-13 18:12,17.2,19.4,20,Sunny
Kars,2023-09-13 18:12,14.0,19.1,55,Patchy light rain with thunder
Kastamonu,2023-09-13 18:12,15.1,9.4,52,Sunny
Kayseri,2023-09-13 18:12,22.0,3.6,25,Sunny
Kirikkale,2023-09-13 18:12,23.0,9.0,17,Partly cloudy
Kirklareli,2023-09-13 18:12,24.3,15.8,38,Sunny
Kirsehir,2023-09-13 18:12,23.0,16.9,17,Sunny
Kilis,2023-09-13 18:12,30.0,19.1,12,Sunny
Kocaeli,2023-09-13 18:12,27.0,15.1,48,Sunny
Konya,2023-09-13 18:12,23.0,24.1,17,Sunny
Kutahya,2023-09-13 18:12,19.7,15.8,27,Sunny
Malatya,2023-09-13 18:12,27.0,19.1,14,Sunny
Manisa,2023-09-13 18:12,30.0,24.1,29,Sunny
Mardin,2023-09-13 18:12,27.0,11.2,26,Sunny
Mersin,2023-09-13 18:12,27.4,17.6,44,Sunny
Mugla,2023-09-13 18:12,24.0,5.8,28,Sunny
Mus,2023-09-13 18:12,23.0,9.0,36,Partly cloudy
Nevsehir,2023-09-13 18:12,23.0,16.9,17,Sunny
Nigde,2023-09-13 18:12,13.1,12.6,25,Sunny
Ordu,2023-09-13 18:12,15.7,3.6,75,Sunny
Osmaniye,2023-09-13 18:12,24.6,5.0,23,Sunny
Rize,2023-09-13 18:12,17.2,11.2,78,Sunny
Sakarya,2023-09-13 18:12,27.0,15.1,48,Sunny
Samsun,2023-09-13 18:12,24.0,11.2,57,Partly cloudy
Siirt,2023-09-13 18:12,21.7,5.4,39,Sunny
Sinop,2023-09-13 18:12,21.4,13.7,55,Sunny
Sivas,2023-09-13 18:12,15.0,22.0,48,Partly cloudy
Sirnak,2023-09-13 18:12,25.8,14.4,28,Sunny
Tekirdag,2023-09-13 18:12,26.0,22.0,42,Sunny
Tokat,2023-09-13 18:12,13.2,10.1,70,Sunny
Trabzon,2023-09-13 18:13,23.0,22.0,61,Partly cloudy
Tunceli,2023-09-13 18:13,14.3,9.0,38,Sunny
Usak,2023-09-13 18:12,28.0,15.1,17,Sunny
Van,2023-09-13 18:12,15.0,15.1,67,Partly cloudy
Yalova,2023-09-13 18:12,26.0,25.9,42,Sunny
Yozgat,2023-09-13 18:13,16.1,10.1,41,Sunny
Zonguldak,2023-09-13 18:12,26.0,20.2,37,Sunny
Adana,2023-09-14 18:12,32.0,22.0,20,Sunny
Adiyaman,2023-09-14 18:12,25.7,11.9,14,Sunny
Afyonkarahisar,2023-09-14 18:12,25.0,6.8,18,Sunny
Agri,2023-09-14 18:12,11.5,6.8,59,Sunny
Aksaray,2023-09-14 18:12,17.9,11.9,23,Sunny
Amasya,2023-09-14 18:12,22.0,28.1,35,Sunny
Ankara,2023-09-14 18:12,25.0,3.6,24,Sunny
Antalya,2023-09-14 18:12,32.0,22.0,18,Sunny
Ardahan,2023-09-14 18:12,9.0,10.1,73,Sunny
Artvin,2023-09-14 18:12,23.0,11.2,65,Partly cloudy
Aydin,2023-09-14 18:12,33.0,19.1,30,Sunny
Balikesir,2023-09-14 18:12,30.0,19.1,24,Sunny
Bartin,2023-09-14 18:12,25.0,16.9,51,Sunny
Batman,2023-09-14 18:12,32.0,13.0,20,Sunny
Bayburt,2023-09-14 18:12,9.0,11.9,79,Sunny
Bilecik,2023-09-14 18:12,29.0,16.9,20,Sunny
Bingol,2023-09-14 18:12,19.2,9.4,22,Sunny
Bitlis,2023-09-14 18:12,26.0,3.6,24,Partly cloudy
Bolu,2023-09-14 18:12,18.3,3.6,46,Partly cloudy
Burdur,2023-09-14 18:12,28.0,20.2,15,Sunny
Bursa,2023-09-14 18:12,29.0,16.9,20,Sunny
Canakkale,2023-09-14 18:12,29.0,20.2,35,Sunny
Cankiri,2023-09-14 18:12,17.3,6.8,35,Sunny
Corum,2023-09-14 18:12,15.6,14.0,48,Sunny
Denizli,2023-09-14 18:12,28.0,20.2,15,Sunny
Diyarbakir,2023-09-14 18:12,31.0,11.2,16,Sunny
Duzce,2023-09-14 18:12,18.3,3.6,46,Partly cloudy
Edirne,2023-09-14 18:12,28.0,3.6,26,Sunny
Elazig,2023-09-14 18:12,28.0,15.1,14,Sunny
Erzincan,2023-09-14 18:12,25.0,3.6,28,Sunny
Erzurum,2023-09-14 18:12,20.0,11.2,18,Sunny
Eskisehir,2023-09-14 18:12,27.0,6.1,23,Sunny
Gaziantep,2023-09-14 18:12,31.0,3.6,9,Sunny
Giresun,2023-09-14 18:12,15.3,4.3,74,Sunny
Gumushane,2023-09-14 18:12,9.8,8.6,83,Cloudy
Hakkari,2023-09-14 18:12,11.1,5.0,56,Sunny
Hatay,2023-09-14 18:12,23.3,10.4,30,Sunny
Igdir,2023-09-14 18:12,24.0,6.1,31,Partly cloudy
Isparta,2023-09-14 18:12,27.0,20.2,20,Sunny
Istanbul,2023-09-14 18:12,28.0,19.1,30,Clear
Izmir,2023-09-14 18:12,29.0,19.1,43,Sunny
Kahramanmaras,2023-09-14 18:12,21.6,9.7,16,Sunny
Karabuk,2023-09-14 18:12,16.9,5.8,33,Sunny
Karaman,2023-09-14 18:12,17.3,18.0,21,Sunny
Kars,2023-09-14 18:12,18.0,11.2,37,Partly cloudy
Kastamonu,2023-09-14 18:12,15.2,9.7,39,Sunny
Kayseri,2023-09-14 18:12,23.0,3.6,17,Sunny
Kirikkale,2023-09-14 18:12,24.0,3.6,27,Sunny
Kirklareli,2023-09-14 18:12,28.0,11.2,37,Sunny
Kirsehir,2023-09-14 18:12,24.0,15.1,14,Sunny
Kilis,2023-09-14 18:12,31.0,3.6,9,Sunny
Kocaeli,2023-09-14 18:12,28.0,13.0,33,Sunny
Konya,2023-09-14 18:12,23.0,15.1,22,Sunny
Kutahya,2023-09-14 18:12,19.3,16.2,20,Sunny
Malatya,2023-09-14 18:12,27.0,9.0,17,Sunny
Manisa,2023-09-14 18:12,29.0,19.1,43,Sunny
Mardin,2023-09-14 18:12,26.8,13.7,14,Sunny
Mersin,2023-09-14 18:12,26.6,16.2,49,Sunny
Mugla,2023-09-14 18:12,23.8,4.0,23,Sunny
Mus,2023-09-14 18:12,26.0,3.6,24,Partly cloudy
Nevsehir,2023-09-14 18:12,24.0,15.1,14,Sunny
Nigde,2023-09-14 18:12,13.5,9.4,22,Sunny
Ordu,2023-09-14 18:12,15.3,4.3,74,Sunny
Osmaniye,2023-09-14 18:12,23.2,9.4,33,Sunny
Rize,2023-09-14 18:12,18.1,6.1,75,Cloudy
Sakarya,2023-09-14 18:12,28.0,13.0,33,Sunny
Samsun,2023-09-14 18:12,23.0,15.1,57,Partly cloudy
Siirt,2023-09-14 18:12,24.2,5.0,29,Sunny
Sinop,2023-09-14 18:12,21.1,21.6,60,Sunny
Sivas,2023-09-14 18:12,17.0,22.0,45,Sunny
Sirnak,2023-09-14 18:12,27.2,5.4,18,Sunny
Tekirdag,2023-09-14 18:12,28.0,11.2,37,Sunny
Tokat,2023-09-14 18:12,23.0,20.2,38,Partly cloudy
Trabzon,2023-09-14 18:12,23.0,6.8,61,Partly cloudy
Tunceli,2023-09-14 18:12,15.2,7.9,23,Sunny
Usak,2023-09-14 18:12,28.0,13.0,14,Sunny
Van,2023-09-14 18:12,19.0,15.1,60,Partly cloudy
Yalova,2023-09-14 18:12,27.0,24.1,34,Sunny
Yozgat,2023-09-14 18:12,16.0,10.1,32,Sunny
Zonguldak,2023-09-14 18:12,25.0,16.9,51,Sunny
Adana,2023-09-15 18:11,31.0,20.2,27,Sunny
Adiyaman,2023-09-15 18:11,25.2,5.4,13,Sunny
Afyonkarahisar,2023-09-15 18:11,27.0,3.6,18,Sunny
Agri,2023-09-15 18:11,12.2,5.8,57,Sunny
Aksaray,2023-09-15 18:11,18.9,10.8,21,Partly cloudy
Amasya,2023-09-15 18:11,24.0,25.9,39,Partly cloudy
Ankara,2023-09-15 18:11,27.0,6.8,18,Sunny
Antalya,2023-09-15 18:11,30.0,19.1,43,Sunny
Ardahan,2023-09-15 18:11,11.5,8.6,64,Sunny
Artvin,2023-09-15 18:11,24.0,3.6,61,Sunny
Aydin,2023-09-15 18:11,34.0,15.1,25,Sunny
Balikesir,2023-09-15 18:11,30.0,25.9,24,Sunny
Bartin,2023-09-15 18:11,25.0,16.9,51,Partly cloudy
Batman,2023-09-15 18:11,33.0,9.0,16,Sunny
Bayburt,2023-09-15 18:11,11.9,10.4,70,Sunny
Bilecik,2023-09-15 18:11,28.0,16.9,30,Sunny
Bingol,2023-09-15 18:11,20.6,6.1,24,Sunny
Bitlis,2023-09-15 18:12,28.0,3.6,22,Partly cloudy
Bolu,2023-09-15 18:11,18.8,3.6,53,Sunny
Burdur,2023-09-15 18:12,29.0,6.8,14,Sunny
Bursa,2023-09-15 18:11,28.0,16.9,30,Sunny
Canakkale,2023-09-15 18:11,31.0,24.1,27,Sunny
Cankiri,2023-09-15 18:11,17.6,5.8,29,Sunny
Corum,2023-09-15 18:11,17.5,11.5,41,Sunny
Denizli,2023-09-15 18:11,29.0,6.8,14,Sunny
Diyarbakir,2023-09-15 18:11,32.0,6.8,14,Sunny
Duzce,2023-09-15 18:11,18.8,3.6,53,Sunny
Edirne,2023-09-15 18:12,28.0,10.4,23,Partly cloudy
Elazig,2023-09-15 18:11,30.0,13.0,13,Sunny
Erzincan,2023-09-15 18:11,28.0,3.6,19,Sunny
Erzurum,2023-09-15 18:11,22.0,6.8,25,Partly cloudy
Eskisehir,2023-09-15 18:11,28.0,15.1,13,Sunny
Gaziantep,2023-09-15 18:11,30.0,9.0,13,Sunny
Giresun,2023-09-15 18:12,15.8,3.6,82,Sunny
Gumushane,2023-09-15 18:11,24.0,3.6,61,Partly cloudy
Hakkari,2023-09-15 18:11,12.7,4.0,38,Sunny
Hatay,2023-09-15 18:12,22.8,9.0,53,Sunny
Igdir,2023-09-15 18:12,26.0,3.6,30,Clear
Isparta,2023-09-15 18:11,29.0,16.9,14,Sunny
Istanbul,2023-09-15 18:11,27.0,20.2,42,Sunny
Izmir,2023-09-15 18:11,33.0,19.1,19,Sunny
Kahramanmaras,2023-09-15 18:12,22.2,8.3,19,Sunny
Karabuk,2023-09-15 18:11,17.4,7.9,32,Sunny
Karaman,2023-09-15 18:11,18.3,13.3,18,Sunny
Kars,2023-09-15 18:11,20.0,16.9,37,Partly cloudy
Kastamonu,2023-09-15 18:12,16.6,6.5,35,Sunny
Kayseri,2023-09-15 18:11,23.0,6.1,20,Sunny
Kirikkale,2023-09-15 18:12,26.0,9.0,20,Sunny
Kirklareli,2023-09-15 18:12,24.5,14.8,38,Partly cloudy
Kirsehir,2023-09-15 18:12,25.0,11.2,17,Sunny
Kilis,2023-09-15 18:12,30.0,9.0,13,Sunny
Kocaeli,2023-09-15 18:12,28.0,13.0,42,Sunny
Konya,2023-09-15 18:12,25.0,15.1,21,Sunny
Kutahya,2023-09-15 18:12,20.1,16.9,17,Sunny
Malatya,2023-09-15 18:12,28.0,6.8,16,Sunny
Manisa,2023-09-15 18:12,33.0,19.1,19,Sunny
Mardin,2023-09-15 18:12,26.7,12.2,10,Sunny
Mersin,2023-09-15 18:12,26.8,16.2,51,Sunny
Mugla,2023-09-15 18:12,23.9,3.6,27,Sunny
Mus,2023-09-15 18:12,28.0,3.6,22,Partly cloudy
Nevsehir,2023-09-15 18:12,25.0,11.2,17,Sunny
Nigde,2023-09-15 18:12,14.2,9.0,24,Sunny
Ordu,2023-09-15 18:12,15.8,3.6,82,Sunny
Osmaniye,2023-09-15 18:12,23.9,7.6,40,Sunny
Rize,2023-09-15 18:12,18.2,3.6,80,Sunny
Sakarya,2023-09-15 18:12,28.0,13.0,42,Sunny
Samsun,2023-09-15 18:12,24.0,11.2,61,Partly cloudy
Siirt,2023-09-15 18:12,24.1,5.4,16,Sunny
Sinop,2023-09-15 18:12,21.5,24.1,67,Sunny
Sivas,2023-09-15 18:12,20.0,19.1,32,Sunny
Sirnak,2023-09-15 18:12,28.5,3.6,14,Sunny
Tekirdag,2023-09-15 18:12,28.0,20.2,28,Sunny
Tokat,2023-09-15 18:12,26.0,11.2,34,Partly cloudy
Trabzon,2023-09-15 18:12,24.0,3.6,61,Partly cloudy
Tunceli,2023-09-15 18:12,15.9,5.8,25,Sunny
Usak,2023-09-15 18:12,29.0,6.8,12,Sunny
Van,2023-09-15 18:12,22.0,15.1,35,Partly cloudy
Yalova,2023-09-15 18:12,26.0,28.1,51,Sunny
Yozgat,2023-09-15 18:12,17.1,9.0,38,Sunny
Zonguldak,2023-09-15 18:12,25.0,16.9,51,Partly cloudy
Adana,2023-09-16 18:10,32.0,20.2,32,Sunny
Adiyaman,2023-09-16 18:10,26.8,6.5,13,Sunny
Afyonkarahisar,2023-09-16 18:10,20.4,13.0,26,Sunny
Agri,2023-09-16 18:10,14.1,5.8,49,Sunny
Aksaray,2023-09-16 18:10,19.9,14.0,21,Sunny
Amasya,2023-09-16 18:10,24.0,29.9,36,Sunny
Ankara,2023-09-16 18:10,26.0,19.1,21,Sunny
Antalya,2023-09-16 18:10,30.0,16.9,49,Sunny
Ardahan,2023-09-16 18:10,10.9,10.1,85,Patchy light rain with thunder
Artvin,2023-09-16 18:10,23.0,4.0,73,Partly cloudy
Aydin,2023-09-16 18:10,35.0,16.9,19,Sunny
Balikesir,2023-09-16 18:10,29.0,29.9,37,Sunny
Bartin,2023-09-16 18:10,25.0,22.0,65,Partly cloudy
Batman,2023-09-16 18:10,33.0,6.8,12,Sunny
Bayburt,2023-09-16 18:10,10.4,13.0,83,Partly cloudy
Bilecik,2023-09-16 18:10,27.0,20.2,45,Sunny
Bingol,2023-09-16 18:11,20.3,9.4,19,Sunny
Bitlis,2023-09-16 18:10,33.0,6.8,12,Sunny
Bolu,2023-09-16 18:10,18.7,6.1,71,Sunny
Burdur,2023-09-16 18:10,29.0,6.8,14,Sunny
Bursa,2023-09-16 18:10,27.0,20.2,45,Sunny
Canakkale,2023-09-16 18:10,30.0,29.9,25,Sunny
Cankiri,2023-09-16 18:10,18.6,11.5,29,Sunny
Corum,2023-09-16 18:11,17.4,18.4,47,Sunny
Denizli,2023-09-16 18:11,29.0,6.8,14,Sunny
Diyarbakir,2023-09-16 18:11,32.0,6.8,12,Sunny
Duzce,2023-09-16 18:10,18.7,6.1,71,Sunny
Edirne,2023-09-16 18:11,26.5,22.3,31,Sunny
Elazig,2023-09-16 18:10,31.0,11.2,11,Sunny
Erzincan,2023-09-16 18:10,28.0,15.1,15,Sunny
Erzurum,2023-09-16 18:11,24.0,11.2,13,Partly cloudy
Eskisehir,2023-09-16 18:10,27.0,6.1,25,Sunny
Gaziantep,2023-09-16 18:11,31.0,6.8,18,Sunny
Giresun,2023-09-16 18:10,16.1,3.6,84,Sunny
Gumushane,2023-09-16 18:11,11.0,9.4,92,Cloudy
Hakkari,2023-09-16 18:10,13.8,4.7,31,Sunny
Hatay,2023-09-16 18:10,23.6,10.4,44,Sunny
Igdir,2023-09-16 18:10,27.0,3.6,28,Partly cloudy
Isparta,2023-09-16 18:11,29.0,20.2,16,Sunny
Istanbul,2023-09-16 18:10,26.0,29.9,54,Sunny
Izmir,2023-09-16 18:10,33.0,29.9,24,Sunny
Kahramanmaras,2023-09-16 18:10,25.1,7.6,21,Sunny
Karabuk,2023-09-16 18:10,17.7,8.3,43,Sunny
Karaman,2023-09-16 18:10,19.2,18.7,23,Sunny
Kars,2023-09-16 18:10,21.0,15.1,31,Partly cloudy
Kastamonu,2023-09-16 18:11,17.1,9.7,51,Sunny
Kayseri,2023-09-16 18:11,25.0,11.2,21,Sunny
Kirikkale,2023-09-16 18:11,25.0,24.1,22,Sunny
Kirklareli,2023-09-16 18:11,22.7,17.6,46,Sunny
Kirsehir,2023-09-16 18:11,25.0,16.9,24,Sunny
Kilis,2023-09-16 18:11,31.0,6.8,18,Sunny
Kocaeli,2023-09-16 18:11,26.0,22.0,39,Partly cloudy
Konya,2023-09-16 18:11,25.0,22.0,22,Sunny
Kutahya,2023-09-16 18:11,19.3,13.3,28,Sunny
Malatya,2023-09-16 18:11,29.0,6.8,12,Sunny
Manisa,2023-09-16 18:11,33.0,29.9,24,Sunny
Mardin,2023-09-16 18:11,27.3,11.2,14,Sunny
Mersin,2023-09-16 18:11,27.2,18.4,51,Sunny
Mugla,2023-09-16 18:11,25.0,7.2,25,Sunny
Mus,2023-09-16 18:11,28.0,3.6,16,Partly cloudy
Nevsehir,2023-09-16 18:11,25.0,16.9,24,Sunny
Nigde,2023-09-16 18:11,15.2,12.2,29,Sunny
Ordu,2023-09-16 18:11,16.1,3.6,84,Sunny
Osmaniye,2023-09-16 18:11,23.1,8.6,43,Sunny
Rize,2023-09-16 18:11,18.2,5.8,83,Cloudy
Sakarya,2023-09-16 18:11,26.0,22.0,39,Partly cloudy
Samsun,2023-09-16 18:11,24.0,15.1,74,Partly cloudy
Siirt,2023-09-16 18:11,24.1,3.6,15,Sunny
Sinop,2023-09-16 18:11,21.6,13.3,78,Sunny
Sivas,2023-09-16 18:11,18.0,33.1,49,Sunny
Sirnak,2023-09-16 18:11,29.4,8.6,12,Sunny
Tekirdag,2023-09-16 18:11,26.0,31.0,51,Partly cloudy
Tokat,2023-09-16 18:11,24.0,24.1,41,Partly cloudy
Trabzon,2023-09-16 18:11,23.0,9.0,73,Partly cloudy
Tunceli,2023-09-16 18:11,16.5,3.6,26,Sunny
Usak,2023-09-16 18:11,29.0,11.2,13,Sunny
Van,2023-09-16 18:11,23.0,13.0,36,Partly cloudy
Yalova,2023-09-16 18:11,26.0,29.9,48,Sunny
Yozgat,2023-09-16 18:11,17.6,15.5,43,Sunny
Zonguldak,2023-09-16 18:11,25.0,22.0,65,Partly cloudy
Adana,2023-09-17 18:11,31.0,22.0,43,Sunny
Adiyaman,2023-09-17 18:11,27.8,9.7,18,Sunny
Afyonkarahisar,2023-09-17 18:11,20.0,11.2,35,Sunny
Agri,2023-09-17 18:11,12.9,3.6,61,Patchy rain possible
Aksaray,2023-09-17 18:11,19.6,15.8,37,Sunny
Amasya,2023-09-17 18:11,21.0,37.1,49,Partly cloudy
Ankara,2023-09-17 18:11,27.0,9.0,25,Sunny
Antalya,2023-09-17 18:11,33.0,20.2,23,Sunny
Ardahan,2023-09-17 18:11,9.8,10.1,83,Sunny
Artvin,2023-09-17 18:11,21.0,6.8,88,Overcast
Aydin,2023-09-17 18:11,33.0,16.9,30,Sunny
Balikesir,2023-09-17 18:11,29.0,31.0,45,Sunny
Bartin,2023-09-17 18:11,24.0,16.9,57,Sunny
Batman,2023-09-17 18:11,32.0,11.2,14,Sunny
Bayburt,2023-09-17 18:11,9.7,12.2,81,Sunny
Bilecik,2023-09-17 18:11,25.0,24.1,51,Partly cloudy
Bingol,2023-09-17 18:11,21.1,12.2,26,Sunny
Bitlis,2023-09-17 18:11,28.0,9.0,19,Partly cloudy
Bolu,2023-09-17 18:11,15.9,6.8,83,Sunny
Burdur,2023-09-17 18:11,27.0,16.9,23,Sunny
Bursa,2023-09-17 18:11,25.0,24.1,51,Partly cloudy
Canakkale,2023-09-17 18:11,30.0,37.1,35,Partly cloudy
Cankiri,2023-09-17 18:11,18.4,10.1,33,Sunny
Corum,2023-09-17 18:11,15.7,16.9,54,Sunny
Denizli,2023-09-17 18:11,28.0,16.9,20,Sunny
Diyarbakir,2023-09-17 18:11,33.0,15.1,12,Sunny
Duzce,2023-09-17 18:11,15.9,6.8,83,Sunny
Edirne,2023-09-17 18:11,23.0,24.1,54,Sunny
Elazig,2023-09-17 18:11,30.0,15.1,17,Sunny
Erzincan,2023-09-17 18:11,27.0,6.8,25,Sunny
Erzurum,2023-09-17 18:11,22.0,11.2,31,Partly cloudy
Eskisehir,2023-09-17 18:11,26.0,19.1,37,Partly cloudy
Gaziantep,2023-09-17 18:11,31.0,11.2,18,Sunny
Giresun,2023-09-17 18:11,16.2,13.7,86,Patchy rain possible
Gumushane,2023-09-17 18:11,8.8,10.1,83,Sunny
Hakkari,2023-09-17 18:11,12.5,3.6,32,Sunny
Hatay,2023-09-17 18:11,22.8,11.2,58,Sunny
Igdir,2023-09-17 18:11,26.0,13.0,30,Partly cloudy
Isparta,2023-09-17 18:11,27.0,16.9,23,Sunny
Istanbul,2023-09-17 18:11,25.0,31.0,57,Partly cloudy
Izmir,2023-09-17 18:11,33.0,20.2,30,Sunny
Kahramanmaras,2023-09-17 18:11,25.4,9.7,23,Sunny
Karabuk,2023-09-17 18:11,17.3,9.0,54,Sunny
Karaman,2023-09-17 18:11,18.9,16.9,29,Sunny
Kars,2023-09-17 18:11,19.0,20.2,40,Partly cloudy
Kastamonu,2023-09-17 18:11,14.3,12.2,61,Sunny
Kayseri,2023-09-17 18:11,25.0,11.2,34,Sunny
Kirikkale,2023-09-17 18:11,25.0,15.1,28,Sunny
Kirklareli,2023-09-17 18:11,20.1,23.4,63,Sunny
Kirsehir,2023-09-17 18:11,24.0,22.0,34,Sunny
Kilis,2023-09-17 18:11,31.0,11.2,18,Sunny
Kocaeli,2023-09-17 18:11,25.0,22.0,54,Partly cloudy
Konya,2023-09-17 18:11,24.0,22.0,34,Sunny
Kutahya,2023-09-17 18:11,19.4,18.7,48,Sunny
Malatya,2023-09-17 18:11,29.0,9.0,20,Sunny
Manisa,2023-09-17 18:11,33.0,20.2,30,Sunny
Mardin,2023-09-17 18:11,28.1,10.4,12,Sunny
Mersin,2023-09-17 18:11,27.0,13.0,57,Sunny
Mugla,2023-09-17 18:11,30.0,19.1,59,Partly cloudy
Mus,2023-09-17 18:11,28.0,9.0,19,Partly cloudy
Nevsehir,2023-09-17 18:11,24.0,22.0,34,Sunny
Nigde,2023-09-17 18:11,15.0,7.9,32,Sunny
Ordu,2023-09-17 18:11,16.2,13.7,86,Patchy rain possible
Osmaniye,2023-09-17 18:11,22.2,8.3,58,Sunny
Rize,2023-09-17 18:11,17.2,6.8,89,Light rain shower
Sakarya,2023-09-17 18:11,25.0,22.0,54,Partly cloudy
Samsun,2023-09-17 18:11,23.0,16.9,65,Partly cloudy
Siirt,2023-09-17 18:11,24.9,3.6,16,Sunny
Sinop,2023-09-17 18:11,19.9,10.4,58,Sunny
Sivas,2023-09-17 18:11,17.0,24.1,52,Partly cloudy
Sirnak,2023-09-17 18:11,29.9,5.8,12,Sunny
Tekirdag,2023-09-17 18:11,25.0,31.0,54,Partly cloudy
Tokat,2023-09-17 18:11,13.5,10.8,87,Partly cloudy
Trabzon,2023-09-17 18:11,23.0,20.2,69,Moderate or heavy rain with thunder
Tunceli,2023-09-17 18:11,17.0,7.9,30,Sunny
Usak,2023-09-17 18:11,27.0,19.1,23,Sunny
Van,2023-09-17 18:11,22.0,13.0,46,Partly cloudy
Yalova,2023-09-17 18:11,24.0,31.0,61,Partly cloudy
Yozgat,2023-09-17 18:11,16.9,18.7,58,Sunny
Zonguldak,2023-09-17 18:11,24.0,16.9,57,Sunny
Adana,2023-09-18 18:12,31.0,15.1,49,Sunny
Adiyaman,2023-09-18 18:12,27.1,4.0,18,Cloudy
Afyonkarahisar,2023-09-18 18:13,24.0,16.9,29,Sunny
Agri,2023-09-18 18:12,12.7,7.2,62,Patchy rain possible
Aksaray,2023-09-18 18:12,18.5,16.6,22,Sunny
Amasya,2023-09-18 18:13,21.0,33.1,43,Sunny
Ankara,2023-09-18 18:13,25.0,19.1,17,Sunny
Antalya,2023-09-18 18:12,31.0,16.9,33,Partly cloudy
Ardahan,2023-09-18 18:12,10.0,9.4,70,Sunny
Artvin,2023-09-18 18:12,11.3,10.1,79,Sunny
Aydin,2023-09-18 18:13,31.0,19.1,38,Sunny
Balikesir,2023-09-18 18:12,26.0,31.0,42,Sunny
Bartin,2023-09-18 18:12,25.0,15.1,51,Sunny
Batman,2023-09-18 18:12,33.0,6.8,12,Sunny
Bayburt,2023-09-18 18:12,9.5,11.5,76,Sunny
Bilecik,2023-09-18 18:13,24.0,22.0,44,Partly cloudy
Bingol,2023-09-18 18:13,19.3,10.1,27,Sunny
Bitlis,2023-09-18 18:13,28.0,3.6,22,Partly cloudy
Bolu,2023-09-18 18:13,17.1,5.0,77,Sunny
Burdur,2023-09-18 18:13,28.0,6.8,22,Sunny
Bursa,2023-09-18 18:13,24.0,22.0,44,Partly cloudy
Canakkale,2023-09-18 18:13,27.0,41.0,37,Partly cloudy
Cankiri,2023-09-18 18:13,17.0,6.1,30,Sunny
Corum,2023-09-18 18:13,15.3,14.0,43,Sunny
Denizli,2023-09-18 18:13,28.0,6.8,22,Sunny
Diyarbakir,2023-09-18 18:13,32.0,6.8,15,Sunny
Duzce,2023-09-18 18:13,17.1,5.0,77,Sunny
Edirne,2023-09-18 18:13,22.5,21.2,43,Partly cloudy
Elazig,2023-09-18 18:13,30.0,13.0,17,Partly cloudy
Erzincan,2023-09-18 18:13,27.0,3.6,23,Sunny
Erzurum,2023-09-18 18:13,22.0,13.0,22,Partly cloudy
Eskisehir,2023-09-18 18:13,25.0,9.0,39,Sunny
Gaziantep,2023-09-18 18:13,31.0,13.0,19,Sunny
Giresun,2023-09-18 18:13,15.2,4.7,79,Sunny
Gumushane,2023-09-18 18:13,8.6,8.6,87,Partly cloudy
Hakkari,2023-09-18 18:13,7.5,3.6,37,Sunny
Hatay,2023-09-18 18:13,23.1,12.2,61,Sunny
Igdir,2023-09-18 18:13,23.0,29.9,31,Partly cloudy
Isparta,2023-09-18 18:13,28.0,15.1,22,Sunny
Istanbul,2023-09-18 18:13,24.0,37.1,54,Partly cloudy
Izmir,2023-09-18 18:13,31.0,33.1,31,Sunny
Kahramanmaras,2023-09-18 18:13,25.5,8.6,26,Sunny
Karabuk,2023-09-18 18:13,16.4,6.1,36,Sunny
Karaman,2023-09-18 18:13,18.2,14.0,22,Sunny
Kars,2023-09-18 18:13,18.0,20.2,37,Partly cloudy
Kastamonu,2023-09-18 18:13,13.7,10.1,54,Sunny
Kayseri,2023-09-18 18:13,25.0,6.8,21,Partly cloudy
Kirikkale,2023-09-18 18:13,23.0,22.0,22,Sunny
Kirklareli,2023-09-18 18:13,20.0,20.9,58,Sunny
Kirsehir,2023-09-18 18:13,18.7,19.4,27,Sunny
Kilis,2023-09-18 18:13,31.0,13.0,19,Sunny
Kocaeli,2023-09-18 18:13,24.0,16.9,50,Partly cloudy
Konya,2023-09-18 18:13,23.0,22.0,25,Sunny
Kutahya,2023-09-18 18:13,16.9,13.3,42,Sunny
Malatya,2023-09-18 18:13,28.0,3.6,22,Sunny
Manisa,2023-09-18 18:13,31.0,33.1,31,Sunny
Mardin,2023-09-18 18:13,28.0,3.6,15,Sunny
Mersin,2023-09-18 18:13,26.6,14.8,62,Sunny
Mugla,2023-09-18 18:13,22.6,3.6,38,Sunny
Mus,2023-09-18 18:13,28.0,3.6,22,Partly cloudy
Nevsehir,2023-09-18 18:13,25.0,19.1,21,Sunny
Nigde,2023-09-18 18:13,14.7,5.8,31,Partly cloudy
Ordu,2023-09-18 18:13,15.2,4.7,79,Sunny
Osmaniye,2023-09-18 18:13,23.5,7.2,67,Sunny
Rize,2023-09-18 18:13,17.3,5.4,80,Cloudy
Sakarya,2023-09-18 18:13,24.0,16.9,50,Partly cloudy
Samsun,2023-09-18 18:13,23.0,24.1,61,Partly cloudy
Siirt,2023-09-18 18:13,24.9,3.6,18,Partly cloudy
Sinop,2023-09-18 18:13,20.0,7.2,62,Sunny
Sivas,2023-09-18 18:13,19.0,25.9,30,Sunny
Sirnak,2023-09-18 18:13,28.2,3.6,16,Sunny
Tekirdag,2023-09-18 18:13,24.0,38.9,54,Sunny
Tokat,2023-09-18 18:13,22.0,25.9,43,Partly cloudy
Trabzon,2023-09-18 18:13,22.0,6.8,65,Partly cloudy
Tunceli,2023-09-18 18:13,17.1,6.5,29,Sunny
Usak,2023-09-18 18:13,27.0,19.1,25,Partly cloudy
Van,2023-09-18 18:13,22.0,13.0,46,Partly cloudy
Yalova,2023-09-18 18:13,23.0,37.1,50,Partly cloudy
Yozgat,2023-09-18 18:13,16.4,13.7,40,Sunny
Zonguldak,2023-09-18 18:13,25.0,15.1,51,Sunny
Adana,2023-09-19 18:12,30.0,16.9,59,Partly cloudy
Adiyaman,2023-09-19 18:12,27.5,8.3,21,Sunny
Afyonkarahisar,2023-09-19 18:13,18.8,8.6,22,Sunny
Agri,2023-09-19 18:13,12.0,6.5,68,Sunny
Aksaray,2023-09-19 18:13,19.2,9.0,28,Sunny
Amasya,2023-09-19 18:12,22.0,33.1,50,Sunny
Ankara,2023-09-19 18:12,24.0,19.1,21,Sunny
Antalya,2023-09-19 18:12,29.0,15.1,48,Partly cloudy
Ardahan,2023-09-19 18:12,11.8,8.3,61,Sunny
Artvin,2023-09-19 18:13,23.0,9.0,73,Sunny
Aydin,2023-09-19 18:13,32.0,16.9,32,Sunny
Balikesir,2023-09-19 18:13,27.0,24.1,42,Sunny
Bartin,2023-09-19 18:13,23.0,22.0,65,Sunny
Batman,2023-09-19 18:13,34.0,6.1,16,Sunny
Bayburt,2023-09-19 18:13,14.1,9.0,54,Sunny
Bilecik,2023-09-19 18:13,26.0,22.0,42,Sunny
Bingol,2023-09-19 18:13,21.5,6.8,23,Sunny
Bitlis,2023-09-19 18:13,28.0,13.0,25,Partly cloudy
Bolu,2023-09-19 18:13,17.2,4.0,71,Sunny
Burdur,2023-09-19 18:13,29.0,3.6,14,Sunny
Bursa,2023-09-19 18:13,26.0,22.0,42,Sunny
Canakkale,2023-09-19 18:13,28.0,24.1,40,Partly cloudy
Cankiri,2023-09-19 18:13,17.0,4.3,29,Sunny
Corum,2023-09-19 18:13,17.0,10.4,48,Partly cloudy
Denizli,2023-09-19 18:13,29.0,3.6,14,Sunny
Diyarbakir,2023-09-19 18:13,33.0,6.1,13,Partly cloudy
Duzce,2023-09-19 18:13,17.2,4.0,71,Sunny
Edirne,2023-09-19 18:13,25.1,14.4,32,Partly cloudy
Elazig,2023-09-19 18:13,31.0,9.0,16,Partly cloudy
Erzincan,2023-09-19 18:13,29.0,3.6,19,Partly cloudy
Erzurum,2023-09-19 18:13,22.0,19.1,31,Partly cloudy
Eskisehir,2023-09-19 18:13,20.9,15.1,33,Sunny
Gaziantep,2023-09-19 18:13,30.0,9.0,25,Partly cloudy
Giresun,2023-09-19 18:13,16.0,3.6,85,Partly cloudy
Gumushane,2023-09-19 18:13,9.7,6.5,92,Sunny
Hakkari,2023-09-19 18:13,12.7,5.8,50,Patchy rain possible
Hatay,2023-09-19 18:13,22.2,10.1,64,Sunny
Igdir,2023-09-19 18:13,25.0,6.1,30,Clear
Isparta,2023-09-19 18:13,28.0,13.0,17,Partly cloudy
Istanbul,2023-09-19 18:13,25.0,28.1,54,Partly cloudy
Izmir,2023-09-19 18:13,28.0,41.0,37,Sunny
Kahramanmaras,2023-09-19 18:13,23.3,8.6,42,Sunny
Karabuk,2023-09-19 18:13,16.5,7.2,28,Sunny
Karaman,2023-09-19 18:13,19.3,13.0,28,Sunny
Kars,2023-09-19 18:13,19.0,25.9,40,Partly cloudy
Kastamonu,2023-09-19 18:13,16.0,5.0,37,Sunny
Kayseri,2023-09-19 18:13,25.0,11.2,24,Partly cloudy
Kirikkale,2023-09-19 18:13,17.3,7.6,32,Sunny
Kirklareli,2023-09-19 18:13,20.9,19.1,49,Sunny
Kirsehir,2023-09-19 18:13,25.0,13.0,24,Partly cloudy
Kilis,2023-09-19 18:13,30.0,9.0,25,Partly cloudy
Kocaeli,2023-09-19 18:13,25.0,20.2,44,Partly cloudy
Konya,2023-09-19 18:13,24.0,20.2,25,Sunny
Kutahya,2023-09-19 18:13,18.1,12.6,32,Sunny
Malatya,2023-09-19 18:13,30.0,11.2,17,Partly cloudy
Manisa,2023-09-19 18:13,28.0,41.0,37,Sunny
Mardin,2023-09-19 18:13,27.9,9.0,17,Sunny
Mersin,2023-09-19 18:13,26.3,10.8,64,Sunny
Mugla,2023-09-19 18:13,21.9,3.6,37,Sunny
Mus,2023-09-19 18:13,28.0,13.0,25,Partly cloudy
Nevsehir,2023-09-19 18:13,25.0,13.0,24,Partly cloudy
Nigde,2023-09-19 18:13,15.8,5.0,36,Sunny
Ordu,2023-09-19 18:13,16.0,3.6,85,Partly cloudy
Osmaniye,2023-09-19 18:13,24.1,7.2,74,Sunny
Rize,2023-09-19 18:13,16.6,3.6,86,Sunny
Sakarya,2023-09-19 18:13,25.0,20.2,44,Partly cloudy
Samsun,2023-09-19 18:13,24.0,13.0,61,Partly cloudy
Siirt,2023-09-19 18:13,25.3,7.6,18,Sunny
Sinop,2023-09-19 18:13,20.9,27.4,75,Sunny
Sivas,2023-09-19 18:13,20.0,25.9,37,Partly cloudy
Sirnak,2023-09-19 18:13,27.1,3.6,17,Sunny
Tekirdag,2023-09-19 18:13,24.0,25.9,50,Sunny
Tokat,2023-09-19 18:13,23.0,6.8,47,Sunny
Trabzon,2023-09-19 18:13,23.0,15.1,69,Partly cloudy
Tunceli,2023-09-19 18:13,17.9,5.0,22,Overcast
Usak,2023-09-19 18:13,28.0,19.1,11,Sunny
Van,2023-09-19 18:13,23.0,16.9,41,Partly cloudy
Yalova,2023-09-19 18:13,24.0,29.9,50,Sunny
Yozgat,2023-09-19 18:13,18.3,9.4,41,Sunny
Zonguldak,2023-09-19 18:13,23.0,22.0,65,Sunny
Adana,2023-09-20 18:12,30.0,13.0,59,Partly cloudy
Adiyaman,2023-09-20 18:12,23.0,11.9,44,Patchy rain possible
Afyonkarahisar,2023-09-20 18:12,27.0,3.6,12,Sunny
Agri,2023-09-20 18:12,12.7,5.4,59,Patchy rain possible
Aksaray,2023-09-20 18:12,19.6,10.8,32,Sunny
Amasya,2023-09-20 18:12,25.0,29.9,39,Partly cloudy
Ankara,2023-09-20 18:12,28.0,3.6,10,Sunny
Antalya,2023-09-20 18:12,30.0,15.1,46,Sunny
Ardahan,2023-09-20 18:12,11.1,5.4,82,Moderate or heavy rain shower
Artvin,2023-09-20 18:12,23.0,3.6,69,Partly cloudy
Aydin,2023-09-20 18:12,32.0,16.9,32,Sunny
Balikesir,2023-09-20 18:12,28.0,19.1,37,Sunny
Bartin,2023-09-20 18:12,24.0,15.1,61,Partly cloudy
Batman,2023-09-20 18:12,34.0,9.0,14,Sunny
Bayburt,2023-09-20 18:12,14.3,9.4,58,Thundery outbreaks possible
Bilecik,2023-09-20 18:12,27.0,16.9,39,Sunny
Bingol,2023-09-20 18:12,21.2,6.5,26,Patchy rain possible
Bitlis,2023-09-20 18:12,29.0,9.0,16,Partly cloudy
Bolu,2023-09-20 18:12,17.7,4.7,84,Sunny
Burdur,2023-09-20 18:12,29.0,11.2,15,Sunny
Bursa,2023-09-20 18:12,27.0,16.9,39,Sunny
Canakkale,2023-09-20 18:12,28.0,20.2,33,Sunny
Cankiri,2023-09-20 18:12,17.1,3.6,24,Sunny
Corum,2023-09-20 18:12,19.2,10.4,42,Sunny
Denizli,2023-09-20 18:12,29.0,11.2,15,Sunny
Diyarbakir,2023-09-20 18:12,34.0,13.0,14,Sunny
Duzce,2023-09-20 18:12,17.7,4.7,84,Sunny
Edirne,2023-09-20 18:12,26.8,5.8,33,Sunny
Elazig,2023-09-20 18:12,32.0,9.0,14,Partly cloudy
Erzincan,2023-09-20 18:12,29.0,3.6,20,Patchy light rain with thunder
Erzurum,2023-09-20 18:12,22.0,9.0,29,Light rain
Eskisehir,2023-09-20 18:12,27.0,11.2,21,Sunny
Gaziantep,2023-09-20 18:12,29.0,24.1,25,Partly cloudy
Giresun,2023-09-20 18:12,17.2,3.6,87,Sunny
Gumushane,2023-09-20 18:12,8.6,4.0,83,Patchy rain possible
Hakkari,2023-09-20 18:12,13.1,3.6,35,Sunny
Hatay,2023-09-20 18:12,21.2,10.8,66,Sunny
Igdir,2023-09-20 18:12,25.0,3.6,30,Partly cloudy
Isparta,2023-09-20 18:12,29.0,22.0,11,Sunny
Istanbul,2023-09-20 18:12,25.0,24.1,47,Sunny
Izmir,2023-09-20 18:12,27.0,24.1,48,Sunny
Kahramanmaras,2023-09-20 18:12,23.3,13.7,47,Patchy rain possible
Karabuk,2023-09-20 18:12,16.1,7.6,47,Sunny
Karaman,2023-09-20 18:12,20.6,11.2,28,Sunny
Kars,2023-09-20 18:12,21.0,15.1,38,Partly cloudy
Kastamonu,2023-09-20 18:12,15.9,9.4,51,Sunny
Kayseri,2023-09-20 18:12,26.0,13.0,24,Partly cloudy
Kirikkale,2023-09-20 18:12,27.0,6.1,8,Sunny
Kirklareli,2023-09-20 18:12,23.1,16.2,40,Sunny
Kirsehir,2023-09-20 18:12,27.0,15.1,20,Partly cloudy
Kilis,2023-09-20 18:12,29.0,24.1,25,Partly cloudy
Kocaeli,2023-09-20 18:12,26.0,20.2,51,Partly cloudy
Konya,2023-09-20 18:12,27.0,13.0,20,Sunny
Kutahya,2023-09-20 18:12,18.0,12.2,25,Sunny
Malatya,2023-09-20 18:12,28.0,6.8,25,Partly cloudy
Manisa,2023-09-20 18:12,27.0,24.1,48,Sunny
Mardin,2023-09-20 18:12,28.3,13.3,19,Sunny
Mersin,2023-09-20 18:12,26.3,14.4,70,Sunny
Mugla,2023-09-20 18:12,21.9,3.6,38,Sunny
Mus,2023-09-20 18:12,29.0,9.0,16,Partly cloudy
Nevsehir,2023-09-20 18:12,27.0,15.1,20,Partly cloudy
Nigde,2023-09-20 18:12,16.0,3.6,41,Sunny
Ordu,2023-09-20 18:12,17.2,3.6,87,Sunny
Osmaniye,2023-09-20 18:12,23.0,7.6,75,Sunny
Rize,2023-09-20 18:12,17.9,3.6,87,Patchy rain possible
Sakarya,2023-09-20 18:12,27.0,11.2,21,Sunny
Samsun,2023-09-20 18:12,23.0,11.2,73,Partly cloudy
Siirt,2023-09-20 18:12,25.8,3.6,20,Sunny
Sinop,2023-09-20 18:12,21.2,14.8,79,Patchy rain possible
Sivas,2023-09-20 18:12,22.0,29.9,38,Partly cloudy
Sirnak,2023-09-20 18:12,27.6,8.3,15,Sunny
Tekirdag,2023-09-20 18:12,25.0,20.2,41,Sunny
Tokat,2023-09-20 18:12,28.0,6.1,37,Partly cloudy
Trabzon,2023-09-20 18:12,23.0,13.0,78,Partly cloudy
Tunceli,2023-09-20 18:12,18.0,8.3,33,Patchy rain possible
Usak,2023-09-20 18:12,29.0,13.0,13,Sunny
Van,2023-09-20 18:12,22.0,13.0,53,Partly cloudy
Yalova,2023-09-20 18:12,25.0,25.9,54,Sunny
Yozgat,2023-09-20 18:12,19.1,6.5,38,Sunny
Zonguldak,2023-09-20 18:12,24.0,15.1,61,Partly cloudy
Adana,2023-09-21 18:11,32.0,19.1,52,Sunny
Adiyaman,2023-09-21 18:11,28.2,9.4,20,Sunny
Afyonkarahisar,2023-09-21 18:11,28.0,3.6,16,Sunny
Agri,2023-09-21 18:11,14.5,5.8,46,Sunny
Aksaray,2023-09-21 18:12,19.9,10.8,21,Sunny
Amasya,2023-09-21 18:11,28.0,16.9,22,Sunny
Ankara,2023-09-21 18:12,28.0,9.0,19,Sunny
Antalya,2023-09-21 18:12,29.0,13.0,58,Sunny
Ardahan,2023-09-21 18:12,11.3,6.5,80,Patchy rain possible
Artvin,2023-09-21 18:12,24.0,6.8,78,Partly cloudy
Aydin,2023-09-21 18:12,32.0,22.0,30,Sunny
Balikesir,2023-09-21 18:12,29.0,16.9,27,Sunny
Bartin,2023-09-21 18:12,23.0,19.1,65,Partly cloudy
Batman,2023-09-21 18:12,33.0,13.0,17,Partly cloudy
Bayburt,2023-09-21 18:12,14.7,8.6,57,Sunny
Bilecik,2023-09-21 18:12,27.0,13.0,26,Sunny
Bingol,2023-09-21 18:12,18.9,5.8,36,Sunny
Bitlis,2023-09-21 18:12,26.0,6.1,24,Partly cloudy
Bolu,2023-09-21 18:12,17.1,3.6,70,Sunny
Burdur,2023-09-21 18:12,30.0,20.2,12,Sunny
Bursa,2023-09-21 18:12,27.0,13.0,26,Sunny
Canakkale,2023-09-21 18:12,27.0,20.2,48,Partly cloudy
Cankiri,2023-09-21 18:12,17.7,3.6,26,Sunny
Corum,2023-09-21 18:12,20.8,5.4,30,Sunny
Denizli,2023-09-21 18:12,30.0,20.2,12,Sunny
Diyarbakir,2023-09-21 18:12,33.0,13.0,17,Partly cloudy
Duzce,2023-09-21 18:12,17.1,3.6,70,Sunny
Edirne,2023-09-21 18:12,26.1,8.6,36,Sunny
Elazig,2023-09-21 18:12,30.0,13.0,19,Partly cloudy
Erzincan,2023-09-21 18:12,29.0,15.1,19,Partly cloudy
Erzurum,2023-09-21 18:12,23.0,13.0,20,Moderate or heavy rain with thunder
Eskisehir,2023-09-21 18:12,28.0,6.8,12,Sunny
Gaziantep,2023-09-21 18:12,32.0,3.6,18,Partly cloudy
Giresun,2023-09-21 18:12,16.9,3.6,87,Sunny
Gumushane,2023-09-21 18:12,23.0,3.6,83,Light rain
Hakkari,2023-09-21 18:12,12.0,7.6,33,Sunny
Hatay,2023-09-21 18:12,23.0,10.1,66,Sunny
Igdir,2023-09-21 18:12,27.0,4.0,30,Partly cloudy
Isparta,2023-09-21 18:12,18.9,3.6,19,Sunny
Istanbul,2023-09-21 18:12,26.0,19.1,39,Sunny
Izmir,2023-09-21 18:12,30.0,19.1,29,Sunny
Kahramanmaras,2023-09-21 18:12,24.4,4.3,24,Sunny
Karabuk,2023-09-21 18:12,16.7,6.5,51,Sunny
Karaman,2023-09-21 18:12,20.8,12.2,19,Sunny
Kars,2023-09-21 18:12,20.0,3.6,35,Partly cloudy
Kastamonu,2023-09-21 18:12,16.9,7.6,58,Sunny
Kayseri,2023-09-21 18:12,28.0,3.6,23,Sunny
Kirikkale,2023-09-21 18:12,27.0,6.8,14,Sunny
Kirklareli,2023-09-21 18:12,22.6,15.1,45,Sunny
Kirsehir,2023-09-21 18:12,29.0,9.0,18,Sunny
Kilis,2023-09-21 18:12,32.0,3.6,18,Partly cloudy
Kocaeli,2023-09-21 18:12,26.0,19.1,45,Sunny
Konya,2023-09-21 18:12,27.0,11.2,16,Sunny
Kutahya,2023-09-21 18:12,18.9,10.1,26,Sunny
Malatya,2023-09-21 18:12,29.0,6.8,22,Sunny
Manisa,2023-09-21 18:12,30.0,19.1,29,Sunny
Mardin,2023-09-21 18:12,29.6,5.0,15,Sunny
Mersin,2023-09-21 18:12,27.3,18.0,65,Sunny
Mugla,2023-09-21 18:12,22.8,5.0,31,Sunny
Mus,2023-09-21 18:12,26.0,6.1,24,Partly cloudy
Nevsehir,2023-09-21 18:12,29.0,9.0,18,Sunny
Nigde,2023-09-21 18:12,17.5,3.6,33,Sunny
Ordu,2023-09-21 18:12,16.9,3.6,87,Sunny
Osmaniye,2023-09-21 18:12,23.7,8.3,66,Sunny
Rize,2023-09-21 18:12,18.1,3.6,89,Partly cloudy
Sakarya,2023-09-21 18:12,26.0,19.1,45,Sunny
Samsun,2023-09-21 18:12,24.0,11.2,69,Partly cloudy
Siirt,2023-09-21 18:12,26.2,4.3,20,Sunny
Sinop,2023-09-21 18:12,20.9,14.8,82,Sunny
Sivas,2023-09-21 18:12,24.0,6.8,25,Partly cloudy
Sirnak,2023-09-21 18:12,29.3,6.1,15,Sunny
Tekirdag,2023-09-21 18:12,25.0,9.0,57,Partly cloudy
Tokat,2023-09-21 18:12,30.0,3.6,25,Partly cloudy
Trabzon,2023-09-21 18:12,23.0,3.6,83,Light rain
Tunceli,2023-09-21 18:12,17.9,7.2,33,Sunny
Usak,2023-09-21 18:12,28.0,15.1,16,Sunny
Van,2023-09-21 18:12,24.0,15.1,31,Partly cloudy
Yalova,2023-09-21 18:12,25.0,24.1,47,Sunny
Yozgat,2023-09-21 18:12,21.3,8.6,37,Sunny
Zonguldak,2023-09-21 18:12,23.0,19.1,65,Partly cloudy
Adana,2023-09-22 18:12,32.0,20.2,52,Sunny
Adiyaman,2023-09-22 18:12,29.3,6.1,15,Sunny
Afyonkarahisar,2023-09-22 18:12,29.0,16.9,15,Sunny
Agri,2023-09-22 18:12,15.4,5.8,49,Sunny
Aksaray,2023-09-22 18:12,20.9,11.2,21,Sunny
Amasya,2023-09-22 18:12,30.0,19.1,24,Sunny
Ankara,2023-09-22 18:12,30.0,13.0,16,Sunny
Antalya,2023-09-22 18:12,30.0,13.0,55,Sunny
Ardahan,2023-09-22 18:12,14.6,7.6,59,Sunny
Artvin,2023-09-22 18:12,25.0,6.1,74,Partly cloudy
Aydin,2023-09-22 18:12,35.0,6.8,20,Sunny
Balikesir,2023-09-22 18:12,34.0,3.6,23,Sunny
Bartin,2023-09-22 18:12,24.0,16.9,65,Partly cloudy
Batman,2023-09-22 18:12,35.0,6.8,13,Sunny
Bayburt,2023-09-22 18:12,14.5,11.5,59,Sunny
Bilecik,2023-09-22 18:12,30.0,11.2,22,Sunny
Bingol,2023-09-22 18:12,21.5,6.8,20,Cloudy
Bitlis,2023-09-22 18:12,25.6,4.0,18,Sunny
Bolu,2023-09-22 18:12,20.1,3.6,52,Sunny
Burdur,2023-09-22 18:12,30.0,19.1,17,Sunny
Bursa,2023-09-22 18:12,30.0,11.2,22,Sunny
Canakkale,2023-09-22 18:12,29.0,6.8,45,Sunny
Cankiri,2023-09-22 18:12,22.3,5.4,24,Sunny
Corum,2023-09-22 18:12,20.7,3.6,23,Sunny
Denizli,2023-09-22 18:12,30.0,19.1,17,Sunny
Diyarbakir,2023-09-22 18:12,34.0,3.6,12,Sunny
Duzce,2023-09-22 18:12,31.0,6.1,11,Sunny
Edirne,2023-09-22 18:12,28.9,17.3,33,Sunny
Elazig,2023-09-22 18:12,32.0,13.0,14,Partly cloudy
Erzincan,2023-09-22 18:12,29.0,3.6,15,Sunny
Erzurum,2023-09-22 18:12,24.0,15.1,11,Partly cloudy
Eskisehir,2023-09-22 18:12,28.0,15.1,16,Sunny
Gaziantep,2023-09-22 18:12,34.0,4.0,14,Sunny
Giresun,2023-09-22 18:12,17.1,3.6,91,Partly cloudy
Gumushane,2023-09-22 18:12,11.6,5.4,72,Sunny
Hakkari,2023-09-22 18:12,12.5,7.9,31,Sunny
Hatay,2023-09-22 18:12,24.1,10.1,57,Sunny
Igdir,2023-09-22 18:12,28.0,3.6,28,Clear
Isparta,2023-09-22 18:12,30.0,24.1,19,Sunny
Istanbul,2023-09-22 18:12,27.0,6.1,32,Sunny
Izmir,2023-09-22 18:12,33.0,24.1,23,Sunny
Kahramanmaras,2023-09-22 18:12,24.4,9.0,20,Sunny
Karabuk,2023-09-22 18:12,18.3,6.5,43,Sunny
Karaman,2023-09-22 18:12,21.7,11.5,17,Sunny
Kars,2023-09-22 18:12,22.0,22.0,35,Partly cloudy
Kastamonu,2023-09-22 18:12,17.8,5.4,65,Sunny
Kayseri,2023-09-22 18:12,29.0,6.8,18,Partly cloudy
Kirikkale,2023-09-22 18:12,20.5,4.3,20,Sunny
Kirklareli,2023-09-22 18:12,26.3,13.0,34,Sunny
Kirsehir,2023-09-22 18:12,30.0,13.0,17,Partly cloudy
Kilis,2023-09-22 18:12,34.0,4.0,14,Sunny
Kocaeli,2023-09-22 18:12,31.0,6.1,11,Sunny
Konya,2023-09-22 18:12,29.0,3.6,13,Sunny
Kutahya,2023-09-22 18:12,20.4,12.2,32,Sunny
Malatya,2023-09-22 18:12,31.0,6.1,16,Partly cloudy
Manisa,2023-09-22 18:12,32.0,16.9,28,Sunny
Mardin,2023-09-22 18:12,29.9,3.6,13,Sunny
Mersin,2023-09-22 18:12,27.5,13.7,64,Sunny
Mugla,2023-09-22 18:12,24.9,6.5,29,Sunny
Mus,2023-09-22 18:12,30.0,6.8,17,Partly cloudy
Nevsehir,2023-09-22 18:12,30.0,13.0,17,Partly cloudy
Nigde,2023-09-22 18:12,18.2,4.0,31,Sunny
Ordu,2023-09-22 18:12,17.1,3.6,91,Partly cloudy
Osmaniye,2023-09-22 18:12,26.2,5.4,59,Sunny
Rize,2023-09-22 18:12,18.4,3.6,89,Sunny
Sakarya,2023-09-22 18:12,31.0,6.1,11,Sunny
Samsun,2023-09-22 18:12,24.0,11.2,74,Partly cloudy
Siirt,2023-09-22 18:12,26.0,4.3,17,Sunny
Sinop,2023-09-22 18:12,20.9,10.4,82,Sunny
Sivas,2023-09-22 18:12,25.0,9.0,22,Partly cloudy
Sirnak,2023-09-22 18:12,31.7,7.2,13,Sunny
Tekirdag,2023-09-22 18:12,27.0,13.0,39,Sunny
Tokat,2023-09-22 18:12,31.0,9.0,22,Sunny
Trabzon,2023-09-22 18:12,24.0,3.6,74,Partly cloudy
Tunceli,2023-09-22 18:12,19.1,5.4,23,Sunny
Usak,2023-09-22 18:12,30.0,20.2,17,Sunny
Van,2023-09-22 18:12,22.0,15.1,61,Partly cloudy
Yalova,2023-09-22 18:12,29.0,6.8,19,Sunny
Yozgat,2023-09-22 18:12,23.3,8.6,21,Sunny
Zonguldak,2023-09-22 18:12,24.0,16.9,65,Partly cloudy
Adana,2023-09-23 18:11,33.0,16.9,49,Sunny
Adiyaman,2023-09-23 18:11,29.2,6.1,15,Sunny
Afyonkarahisar,2023-09-23 18:11,21.9,11.9,28,Sunny
Agri,2023-09-23 18:11,15.1,6.8,57,Patchy rain possible
Aksaray,2023-09-23 18:11,20.9,9.7,25,Sunny
Amasya,2023-09-23 18:11,28.0,29.9,25,Sunny
Ankara,2023-09-23 18:11,30.0,6.8,19,Sunny
Antalya,2023-09-23 18:11,34.0,20.2,25,Sunny
Ardahan,2023-09-23 18:11,11.2,10.1,88,Patchy rain possible
Artvin,2023-09-23 18:11,24.0,6.8,83,Partly cloudy
Aydin,2023-09-23 18:11,36.0,6.8,24,Sunny
Balikesir,2023-09-23 18:11,35.0,19.1,22,Sunny
Bartin,2023-09-23 18:11,26.0,16.9,48,Sunny
Batman,2023-09-23 18:11,34.0,6.8,16,Sunny
Bayburt,2023-09-23 18:11,14.6,11.5,62,Patchy rain possible
Bilecik,2023-09-23 18:11,32.0,13.0,26,Sunny
Bingol,2023-09-23 18:11,22.1,10.8,21,Sunny
Bitlis,2023-09-23 18:11,31.0,3.6,16,Partly cloudy
Bolu,2023-09-23 18:11,20.3,3.6,46,Sunny
Burdur,2023-09-23 18:11,31.0,15.1,19,Sunny
Bursa,2023-09-23 18:11,32.0,13.0,26,Sunny
Canakkale,2023-09-23 18:11,32.0,9.0,36,Sunny
Cankiri,2023-09-23 18:11,21.0,3.6,28,Sunny
Corum,2023-09-23 18:11,20.1,13.0,41,Sunny
Denizli,2023-09-23 18:11,31.0,15.1,19,Sunny
Diyarbakir,2023-09-23 18:11,35.0,3.6,12,Sunny
Duzce,2023-09-23 18:11,20.3,3.6,46,Sunny
Edirne,2023-09-23 18:11,30.9,9.4,28,Sunny
Elazig,2023-09-23 18:11,32.0,13.0,15,Sunny
Erzincan,2023-09-23 18:11,30.0,3.6,14,Partly cloudy
Erzurum,2023-09-23 18:11,25.0,6.1,21,Partly cloudy
Eskisehir,2023-09-23 18:11,29.0,13.0,27,Sunny
Gaziantep,2023-09-23 18:11,34.0,11.2,16,Sunny
Giresun,2023-09-23 18:11,17.1,3.6,91,Sunny
Gumushane,2023-09-23 18:11,10.9,7.2,87,Sunny
Hakkari,2023-09-23 18:11,13.7,4.3,38,Sunny
Hatay,2023-09-23 18:11,24.7,9.4,53,Sunny
Igdir,2023-09-23 18:11,27.0,4.0,30,Partly cloudy
Isparta,2023-09-23 18:11,30.0,19.1,19,Sunny
Istanbul,2023-09-23 18:11,30.0,6.1,38,Sunny
Izmir,2023-09-23 18:11,34.0,16.9,32,Sunny
Kahramanmaras,2023-09-23 18:11,24.6,7.9,25,Sunny
Karabuk,2023-09-23 18:11,18.5,7.2,37,Sunny
Karaman,2023-09-23 18:11,21.5,13.0,23,Sunny
Kars,2023-09-23 18:11,22.0,19.1,35,Partly cloudy
Kastamonu,2023-09-23 18:11,18.0,6.1,42,Sunny
Kayseri,2023-09-23 18:11,29.0,9.0,16,Partly cloudy
Kirikkale,2023-09-23 18:11,29.0,3.6,18,Sunny
Kirklareli,2023-09-23 18:11,28.6,10.8,32,Sunny
Kirsehir,2023-09-23 18:11,30.0,15.1,16,Sunny
Kilis,2023-09-23 18:11,34.0,11.2,16,Sunny
Kocaeli,2023-09-23 18:11,31.0,16.9,26,Sunny
Konya,2023-09-23 18:11,28.0,11.2,20,Sunny
Kutahya,2023-09-23 18:11,21.0,13.7,33,Sunny
Malatya,2023-09-23 18:11,32.0,6.1,14,Partly cloudy
Manisa,2023-09-23 18:11,34.0,16.9,32,Sunny
Mardin,2023-09-23 18:11,29.8,3.6,13,Sunny
Mersin,2023-09-23 18:11,27.3,13.0,66,Sunny
Mugla,2023-09-23 18:11,25.8,8.3,27,Sunny
Mus,2023-09-23 18:11,31.0,3.6,16,Partly cloudy
Nevsehir,2023-09-23 18:11,30.0,15.1,16,Sunny
Nigde,2023-09-23 18:11,18.6,8.3,25,Sunny
Ordu,2023-09-23 18:11,17.1,3.6,91,Sunny
Osmaniye,2023-09-23 18:11,26.5,4.7,54,Sunny
Rize,2023-09-23 18:11,17.6,3.6,90,Partly cloudy
Sakarya,2023-09-23 18:11,31.0,16.9,26,Sunny
Samsun,2023-09-23 18:11,24.0,13.0,74,Partly cloudy
Siirt,2023-09-23 18:11,26.3,3.6,16,Partly cloudy
Sinop,2023-09-23 18:11,20.8,14.8,86,Sunny
Sivas,2023-09-23 18:11,24.0,28.1,25,Sunny
Sirnak,2023-09-23 18:11,29.0,3.6,12,Sunny
Tekirdag,2023-09-23 18:11,31.0,9.0,31,Sunny
Tokat,2023-09-23 18:11,29.0,20.2,23,Sunny
Trabzon,2023-09-23 18:11,24.0,6.8,78,Partly cloudy
Tunceli,2023-09-23 18:11,19.2,6.1,25,Sunny
Usak,2023-09-23 18:11,30.0,20.2,22,Partly cloudy
Van,2023-09-23 18:11,22.0,13.0,53,Partly cloudy
Yalova,2023-09-23 18:11,31.0,24.1,31,Sunny
Yozgat,2023-09-23 18:11,22.1,9.4,30,Sunny
Zonguldak,2023-09-23 18:11,26.0,16.9,48,Sunny
